               epoch,      train/box_loss,      train/obj_loss,      train/cls_loss,   metrics/precision,      metrics/recall,     metrics/mAP_0.5,metrics/mAP_0.5:0.95,        val/box_loss,        val/obj_loss,        val/cls_loss,               x/lr0,               x/lr1,               x/lr2
                   0,             0.11337,            0.028995,                   0,            0.029578,            0.094778,            0.011081,           0.0018359,            0.092831,            0.023485,                   0,               0.002,               0.002,               0.082
                   1,            0.088847,              0.0259,                   0,             0.12641,             0.31721,            0.087207,             0.01639,            0.075985,            0.018542,                   0,           0.0040865,           0.0040865,            0.063086
                   2,            0.074785,            0.021545,                   0,             0.26716,             0.39845,             0.25159,            0.067354,            0.076196,            0.015018,                   0,           0.0061591,           0.0061591,            0.044159
                   3,            0.068839,            0.020921,                   0,             0.27346,             0.44874,             0.33186,             0.12065,            0.073276,            0.013731,                   0,           0.0082178,           0.0082178,            0.025218
                   4,            0.066171,             0.02086,                   0,             0.48359,             0.30368,             0.28799,            0.069564,             0.07896,            0.013146,                   0,            0.009868,            0.009868,            0.009868
                   5,            0.062433,            0.019894,                   0,             0.76913,             0.50262,             0.65472,             0.25308,             0.04777,            0.014725,                   0,            0.009868,            0.009868,            0.009868
                   6,            0.052379,            0.018223,                   0,             0.63575,              0.7427,             0.68339,             0.27789,            0.046187,            0.013528,                   0,            0.009835,            0.009835,            0.009835
                   7,            0.051161,            0.016846,                   0,             0.73596,             0.76556,              0.7943,             0.28232,            0.049129,            0.012068,                   0,            0.009802,            0.009802,            0.009802
                   8,            0.049098,            0.015826,                   0,              0.7733,             0.72147,              0.7797,             0.25902,            0.049218,           0.0099317,                   0,            0.009769,            0.009769,            0.009769
                   9,            0.044136,            0.014076,                   0,             0.68519,             0.82934,             0.79342,             0.34198,            0.041049,           0.0097577,                   0,            0.009736,            0.009736,            0.009736
                  10,            0.043844,            0.013915,                   0,             0.93659,             0.88975,             0.95799,             0.47204,              0.0358,           0.0091684,                   0,            0.009703,            0.009703,            0.009703
                  11,            0.044483,            0.014004,                   0,             0.96096,              0.9047,             0.97213,             0.55203,            0.034795,           0.0085456,                   0,             0.00967,             0.00967,             0.00967
                  12,            0.040554,            0.012614,                   0,             0.98075,             0.92456,              0.9781,             0.51328,            0.034984,           0.0080821,                   0,            0.009637,            0.009637,            0.009637
                  13,            0.040091,            0.011634,                   0,             0.87801,             0.90716,             0.94664,             0.36925,            0.041175,           0.0081624,                   0,            0.009604,            0.009604,            0.009604
                  14,            0.039055,            0.012158,                   0,             0.80568,             0.76188,             0.81546,              0.3399,            0.045819,            0.010375,                   0,            0.009571,            0.009571,            0.009571
                  15,            0.042719,            0.011514,                   0,             0.92811,               0.874,             0.93297,             0.42722,            0.037983,           0.0077776,                   0,            0.009538,            0.009538,            0.009538
                  16,            0.043773,            0.011567,                   0,             0.94318,             0.93424,             0.97275,             0.50628,            0.034449,           0.0075654,                   0,            0.009505,            0.009505,            0.009505
                  17,            0.036793,            0.010978,                   0,             0.96113,             0.95745,             0.98325,             0.55007,             0.03472,            0.007457,                   0,            0.009472,            0.009472,            0.009472
                  18,            0.034521,            0.011498,                   0,             0.94252,             0.95147,             0.97371,             0.49979,            0.035226,            0.007671,                   0,            0.009439,            0.009439,            0.009439
                  19,            0.037647,            0.011116,                   0,             0.97235,             0.95938,             0.97828,             0.56717,            0.031704,           0.0075004,                   0,            0.009406,            0.009406,            0.009406
                  20,            0.036181,             0.01067,                   0,             0.88909,             0.89936,             0.95605,             0.53294,            0.034529,           0.0077363,                   0,            0.009373,            0.009373,            0.009373
                  21,            0.035449,            0.011319,                   0,              0.9741,             0.94971,              0.9804,             0.51224,            0.032846,           0.0068616,                   0,             0.00934,             0.00934,             0.00934
                  22,            0.034564,            0.010269,                   0,             0.93546,             0.95326,             0.98459,             0.59754,            0.030014,           0.0067492,                   0,            0.009307,            0.009307,            0.009307
                  23,            0.034243,            0.010738,                   0,             0.97034,             0.95164,             0.98891,             0.59221,            0.030081,             0.00666,                   0,            0.009274,            0.009274,            0.009274
                  24,             0.03235,            0.010937,                   0,             0.98024,             0.95937,             0.99157,             0.56981,            0.030498,           0.0067399,                   0,            0.009241,            0.009241,            0.009241
                  25,            0.032597,            0.009834,                   0,             0.98248,             0.98066,             0.99423,             0.56614,            0.028973,           0.0066829,                   0,            0.009208,            0.009208,            0.009208
                  26,            0.033213,            0.010414,                   0,             0.98043,             0.96903,             0.97839,             0.56742,            0.029595,           0.0064755,                   0,            0.009175,            0.009175,            0.009175
                  27,            0.034283,            0.010114,                   0,             0.97623,             0.95337,             0.97876,             0.56927,             0.03155,           0.0066371,                   0,            0.009142,            0.009142,            0.009142
                  28,            0.031585,           0.0094316,                   0,             0.97509,             0.98439,             0.99292,              0.5863,            0.028986,             0.00639,                   0,            0.009109,            0.009109,            0.009109
                  29,            0.034083,           0.0097141,                   0,             0.97653,             0.96905,              0.9907,             0.55623,            0.030967,           0.0066266,                   0,            0.009076,            0.009076,            0.009076
                  30,            0.032085,           0.0099936,                   0,             0.97636,             0.96132,             0.98986,             0.57058,            0.029406,           0.0067303,                   0,            0.009043,            0.009043,            0.009043
                  31,            0.032943,            0.010326,                   0,             0.98826,             0.97677,             0.99144,             0.56221,            0.029663,           0.0063048,                   0,             0.00901,             0.00901,             0.00901
                  32,            0.033781,           0.0099929,                   0,             0.98442,             0.98066,              0.9939,             0.64672,            0.026715,            0.006347,                   0,            0.008977,            0.008977,            0.008977
                  33,            0.030767,           0.0090142,                   0,             0.97281,             0.96903,             0.98124,             0.46418,            0.037641,           0.0063949,                   0,            0.008944,            0.008944,            0.008944
                  34,            0.032672,            0.009103,                   0,             0.97681,             0.98066,             0.99307,             0.63259,            0.026642,           0.0062189,                   0,            0.008911,            0.008911,            0.008911
                  35,            0.030972,            0.010366,                   0,              0.9881,             0.96518,             0.98252,             0.56988,             0.03006,           0.0063333,                   0,            0.008878,            0.008878,            0.008878
                  36,            0.029898,           0.0097347,                   0,              0.9845,             0.98254,             0.99159,             0.65389,            0.025914,           0.0062813,                   0,            0.008845,            0.008845,            0.008845
                  37,            0.032239,            0.009338,                   0,             0.99194,             0.95551,             0.98665,             0.57915,            0.029213,           0.0064716,                   0,            0.008812,            0.008812,            0.008812
                  38,            0.028251,           0.0098656,                   0,             0.97687,             0.98259,             0.99415,             0.65058,            0.025548,           0.0061509,                   0,            0.008779,            0.008779,            0.008779
                  39,            0.031711,           0.0093458,                   0,             0.98818,             0.97679,             0.98716,             0.59709,            0.029019,           0.0062765,                   0,            0.008746,            0.008746,            0.008746
                  40,            0.029554,           0.0096245,                   0,             0.99605,             0.97482,             0.99409,             0.64679,            0.026521,           0.0061309,                   0,            0.008713,            0.008713,            0.008713
                  41,            0.027307,           0.0092919,                   0,             0.98613,             0.96325,             0.98258,             0.54781,             0.03252,           0.0063224,                   0,             0.00868,             0.00868,             0.00868
                  42,             0.02764,           0.0091978,                   0,             0.98424,             0.97292,             0.98728,             0.66347,            0.024543,           0.0059546,                   0,            0.008647,            0.008647,            0.008647
                  43,            0.028467,            0.008794,                   0,             0.99802,             0.97483,             0.99258,             0.67174,            0.026342,           0.0058662,                   0,            0.008614,            0.008614,            0.008614
                  44,            0.029376,           0.0089813,                   0,             0.98256,             0.98065,             0.98266,             0.63637,            0.026906,           0.0058932,                   0,            0.008581,            0.008581,            0.008581
                  45,            0.028522,           0.0091016,                   0,             0.98836,             0.98646,             0.99455,             0.68055,            0.024896,           0.0059027,                   0,            0.008548,            0.008548,            0.008548
                  46,            0.027914,           0.0091002,                   0,             0.98651,             0.99032,             0.99467,             0.68066,            0.024814,           0.0058504,                   0,            0.008515,            0.008515,            0.008515
                  47,            0.028681,           0.0095467,                   0,             0.99022,             0.98066,             0.99415,             0.64627,            0.026248,           0.0059352,                   0,            0.008482,            0.008482,            0.008482
                  48,            0.028778,            0.008471,                   0,             0.99408,             0.98066,             0.99019,             0.62319,            0.027349,           0.0060149,                   0,            0.008449,            0.008449,            0.008449
                  49,            0.027307,           0.0089467,                   0,             0.98635,             0.97863,             0.99169,             0.62895,            0.027917,           0.0063536,                   0,            0.008416,            0.008416,            0.008416
                  50,            0.027702,           0.0090106,                   0,              0.9803,             0.96712,             0.98186,             0.61131,            0.028171,           0.0066481,                   0,            0.008383,            0.008383,            0.008383
                  51,            0.027968,           0.0091145,                   0,             0.99217,             0.98259,             0.99316,             0.70104,            0.023967,           0.0057377,                   0,             0.00835,             0.00835,             0.00835
                  52,            0.028674,           0.0095619,                   0,             0.99018,             0.97679,             0.98789,             0.64146,            0.026362,           0.0059016,                   0,            0.008317,            0.008317,            0.008317
                  53,             0.02608,           0.0084296,                   0,             0.99004,             0.97292,             0.98864,             0.68929,            0.024981,           0.0059837,                   0,            0.008284,            0.008284,            0.008284
                  54,            0.027364,           0.0089915,                   0,             0.99025,             0.98259,             0.99391,             0.67776,            0.025215,            0.005794,                   0,            0.008251,            0.008251,            0.008251
                  55,            0.027337,           0.0089163,                   0,              0.9941,             0.98066,             0.99453,             0.68152,            0.024323,           0.0058098,                   0,            0.008218,            0.008218,            0.008218
                  56,            0.027737,           0.0089592,                   0,             0.99217,             0.98058,             0.99385,             0.67125,            0.024749,           0.0059103,                   0,            0.008185,            0.008185,            0.008185
                  57,            0.026057,           0.0091676,                   0,             0.99408,             0.97679,             0.99335,             0.70015,            0.022756,           0.0058687,                   0,            0.008152,            0.008152,            0.008152
                  58,             0.02653,           0.0088702,                   0,             0.99799,             0.98259,             0.99268,             0.67048,            0.025671,           0.0059826,                   0,            0.008119,            0.008119,            0.008119
                  59,            0.027697,           0.0089342,                   0,             0.99411,             0.98066,              0.9913,             0.67856,            0.024353,           0.0058768,                   0,            0.008086,            0.008086,            0.008086
                  60,            0.026427,           0.0088332,                   0,             0.99021,             0.97872,             0.99382,             0.70323,            0.023297,           0.0057378,                   0,            0.008053,            0.008053,            0.008053
                  61,            0.025671,           0.0089113,                   0,             0.98646,             0.98643,              0.9935,             0.65551,            0.025585,            0.005926,                   0,             0.00802,             0.00802,             0.00802
                  62,            0.025347,           0.0079459,                   0,             0.98827,             0.98259,             0.99142,             0.68049,            0.024007,           0.0060772,                   0,            0.007987,            0.007987,            0.007987
                  63,            0.028658,           0.0091488,                   0,             0.99215,             0.98066,             0.99372,             0.65939,            0.025408,           0.0058635,                   0,            0.007954,            0.007954,            0.007954
                  64,            0.026172,           0.0092135,                   0,             0.99804,             0.98258,             0.99439,             0.69672,            0.022903,           0.0056977,                   0,            0.007921,            0.007921,            0.007921
                  65,            0.024745,           0.0088257,                   0,             0.99603,             0.97872,             0.99289,             0.70253,            0.023044,           0.0056322,                   0,            0.007888,            0.007888,            0.007888
                  66,            0.025608,           0.0085726,                   0,             0.99602,             0.98066,             0.99349,             0.66239,             0.02429,           0.0057196,                   0,            0.007855,            0.007855,            0.007855
                  67,            0.024531,           0.0087803,                   0,             0.99804,             0.98452,             0.99485,             0.68246,            0.022724,           0.0055799,                   0,            0.007822,            0.007822,            0.007822
                  68,            0.024816,           0.0084522,                   0,             0.97681,             0.97872,             0.98569,             0.66174,            0.025044,           0.0056012,                   0,            0.007789,            0.007789,            0.007789
                  69,            0.024397,           0.0085509,                   0,             0.98276,             0.99213,             0.99473,             0.69255,            0.023047,           0.0058234,                   0,            0.007756,            0.007756,            0.007756
                  70,            0.025336,           0.0087491,                   0,             0.99032,             0.99033,             0.99432,              0.6863,            0.023421,           0.0057548,                   0,            0.007723,            0.007723,            0.007723
                  71,            0.025997,           0.0086252,                   0,             0.99607,             0.98062,             0.99342,              0.7058,            0.023316,           0.0056369,                   0,             0.00769,             0.00769,             0.00769
                  72,             0.02477,           0.0086807,                   0,             0.99802,             0.98066,             0.99304,             0.68772,            0.023945,           0.0056521,                   0,            0.007657,            0.007657,            0.007657
                  73,            0.024144,           0.0083257,                   0,             0.99609,             0.98452,             0.99394,             0.71401,            0.022549,           0.0055693,                   0,            0.007624,            0.007624,            0.007624
                  74,            0.023851,           0.0083297,                   0,             0.99415,             0.98839,             0.99478,             0.70375,            0.022467,           0.0054554,                   0,            0.007591,            0.007591,            0.007591
                  75,             0.02371,            0.008266,                   0,             0.99417,             0.99032,             0.99486,              0.7024,            0.022416,            0.005489,                   0,            0.007558,            0.007558,            0.007558
                  76,            0.023592,           0.0089983,                   0,             0.98839,             0.98838,             0.98985,             0.69572,            0.022627,           0.0055308,                   0,            0.007525,            0.007525,            0.007525
                  77,            0.022431,           0.0081114,                   0,             0.98837,             0.98643,             0.99191,             0.70966,            0.022359,            0.005375,                   0,            0.007492,            0.007492,            0.007492
                  78,            0.022699,           0.0082451,                   0,             0.98821,             0.97485,             0.99031,             0.67219,            0.024809,           0.0057652,                   0,            0.007459,            0.007459,            0.007459
                  79,            0.024049,           0.0087033,                   0,             0.98834,             0.99033,             0.99375,             0.71618,            0.022892,           0.0053942,                   0,            0.007426,            0.007426,            0.007426
                  80,            0.025089,           0.0082598,                   0,             0.99027,             0.98646,             0.98982,             0.68008,             0.02376,           0.0054811,                   0,            0.007393,            0.007393,            0.007393
                  81,            0.023412,           0.0080474,                   0,             0.99224,             0.99033,             0.99364,             0.69694,            0.023023,           0.0054268,                   0,             0.00736,             0.00736,             0.00736
                  82,            0.022811,           0.0081521,                   0,             0.98649,             0.98834,              0.9941,             0.69978,            0.023885,           0.0055935,                   0,            0.007327,            0.007327,            0.007327
                  83,            0.024719,           0.0083945,                   0,             0.98455,             0.99226,             0.99473,             0.71826,            0.021948,           0.0054821,                   0,            0.007294,            0.007294,            0.007294
                  84,            0.022811,           0.0081456,                   0,             0.99605,             0.98259,             0.99479,             0.66193,            0.025347,           0.0055784,                   0,            0.007261,            0.007261,            0.007261
                  85,            0.024014,           0.0078979,                   0,             0.98644,             0.98839,             0.99415,             0.70082,            0.021899,           0.0056857,                   0,            0.007228,            0.007228,            0.007228
                  86,            0.024647,           0.0082024,                   0,             0.98276,             0.99225,             0.99445,             0.69296,            0.022872,           0.0056812,                   0,            0.007195,            0.007195,            0.007195
                  87,            0.022618,           0.0080919,                   0,             0.99025,             0.98259,             0.99004,             0.68091,            0.024381,           0.0057064,                   0,            0.007162,            0.007162,            0.007162
                  88,            0.022514,            0.008213,                   0,             0.99804,             0.99033,             0.99498,              0.7235,            0.021983,           0.0056466,                   0,            0.007129,            0.007129,            0.007129
                  89,            0.022186,           0.0075313,                   0,             0.99609,             0.98453,             0.99464,             0.68267,            0.024209,           0.0055581,                   0,            0.007096,            0.007096,            0.007096
                  90,            0.021688,           0.0076039,                   0,             0.99607,             0.98453,             0.99434,             0.69452,             0.02295,           0.0054589,                   0,            0.007063,            0.007063,            0.007063
                  91,            0.022038,           0.0079565,                   0,             0.99805,             0.99224,             0.99486,              0.7252,            0.021268,           0.0053987,                   0,             0.00703,             0.00703,             0.00703
                  92,            0.021495,           0.0079584,                   0,             0.99419,             0.99226,             0.99437,              0.7174,            0.020782,           0.0052943,                   0,            0.006997,            0.006997,            0.006997
                  93,            0.021333,           0.0076493,                   0,             0.99417,             0.99032,             0.99333,             0.68056,            0.022936,           0.0054027,                   0,            0.006964,            0.006964,            0.006964
                  94,            0.021271,           0.0077216,                   0,             0.99612,             0.99226,             0.99492,              0.7285,              0.0209,           0.0052029,                   0,            0.006931,            0.006931,            0.006931
                  95,            0.022981,           0.0071528,                   0,             0.99032,             0.99033,             0.99247,             0.68602,            0.023789,           0.0053481,                   0,            0.006898,            0.006898,            0.006898
                  96,            0.021751,           0.0076075,                   0,             0.99417,             0.99033,             0.99447,             0.73291,            0.021787,           0.0053185,                   0,            0.006865,            0.006865,            0.006865
                  97,            0.023144,           0.0076978,                   0,             0.99029,             0.98646,             0.99159,              0.6811,            0.024037,           0.0054186,                   0,            0.006832,            0.006832,            0.006832
                  98,            0.021699,           0.0079134,                   0,             0.99029,             0.98644,             0.99341,             0.70365,             0.02269,           0.0053275,                   0,            0.006799,            0.006799,            0.006799
                  99,            0.021697,           0.0072385,                   0,             0.99419,             0.99222,             0.99494,             0.72067,            0.021648,           0.0053006,                   0,            0.006766,            0.006766,            0.006766
                 100,            0.021157,           0.0074781,                   0,              0.9961,              0.9942,             0.99498,             0.70514,             0.02248,           0.0052338,                   0,            0.006733,            0.006733,            0.006733
                 101,            0.022865,           0.0076258,                   0,             0.99805,             0.99226,             0.99496,              0.7289,            0.020503,           0.0051466,                   0,              0.0067,              0.0067,              0.0067
                 102,            0.021341,           0.0079184,                   0,             0.99611,             0.99031,              0.9949,             0.71833,             0.02141,           0.0051546,                   0,            0.006667,            0.006667,            0.006667
                 103,            0.021506,           0.0077254,                   0,             0.99417,             0.99032,             0.99478,             0.73685,            0.021202,           0.0051418,                   0,            0.006634,            0.006634,            0.006634
                 104,            0.020611,           0.0075912,                   0,             0.99413,             0.98257,             0.99405,             0.70892,            0.021802,           0.0053169,                   0,            0.006601,            0.006601,            0.006601
                 105,            0.020316,           0.0080097,                   0,             0.99225,             0.99033,             0.99464,             0.72602,            0.020738,           0.0051128,                   0,            0.006568,            0.006568,            0.006568
                 106,            0.021979,           0.0080087,                   0,             0.99226,             0.99226,             0.99486,             0.73345,            0.020448,           0.0051061,                   0,            0.006535,            0.006535,            0.006535
                 107,            0.021053,           0.0074486,                   0,                   1,             0.99033,               0.995,             0.72007,            0.021798,           0.0052245,                   0,            0.006502,            0.006502,            0.006502
                 108,             0.02159,           0.0078399,                   0,             0.99805,             0.99226,               0.995,             0.74302,            0.020309,           0.0051211,                   0,            0.006469,            0.006469,            0.006469
                 109,            0.020845,           0.0076256,                   0,             0.99418,             0.99226,             0.99397,              0.7412,            0.020475,           0.0051474,                   0,            0.006436,            0.006436,            0.006436
                 110,            0.022949,           0.0070342,                   0,             0.99805,             0.99031,             0.99498,             0.72968,            0.020453,           0.0052765,                   0,            0.006403,            0.006403,            0.006403
                 111,            0.022609,           0.0075636,                   0,             0.99607,             0.98259,             0.99286,             0.72919,            0.021802,           0.0053127,                   0,             0.00637,             0.00637,             0.00637
                 112,             0.01993,           0.0076141,                   0,             0.99611,             0.99226,             0.99484,             0.75388,            0.019908,           0.0050817,                   0,            0.006337,            0.006337,            0.006337
                 113,            0.020146,           0.0074441,                   0,             0.99612,              0.9942,             0.99436,             0.71104,             0.02237,           0.0051382,                   0,            0.006304,            0.006304,            0.006304
                 114,            0.022389,           0.0072416,                   0,             0.99035,             0.99224,             0.99371,             0.70236,            0.023757,           0.0052458,                   0,            0.006271,            0.006271,            0.006271
                 115,            0.021907,           0.0073999,                   0,             0.99805,             0.99032,              0.9941,             0.75487,            0.019989,           0.0051255,                   0,            0.006238,            0.006238,            0.006238
                 116,             0.02077,           0.0075165,                   0,             0.99613,             0.99612,               0.995,             0.75214,            0.019814,           0.0050756,                   0,            0.006205,            0.006205,            0.006205
                 117,            0.020129,           0.0071171,                   0,             0.98649,             0.98834,             0.99471,             0.74439,            0.020673,           0.0050431,                   0,            0.006172,            0.006172,            0.006172
                 118,            0.018759,           0.0076037,                   0,             0.98841,             0.99226,             0.99488,             0.72967,            0.021195,           0.0051353,                   0,            0.006139,            0.006139,            0.006139
                 119,            0.019515,           0.0072275,                   0,             0.99611,             0.99031,              0.9949,             0.74686,            0.020084,           0.0050423,                   0,            0.006106,            0.006106,            0.006106
                 120,            0.018764,           0.0069536,                   0,             0.99225,             0.99032,             0.99459,             0.69957,            0.023151,           0.0051218,                   0,            0.006073,            0.006073,            0.006073
                 121,            0.019536,           0.0074036,                   0,             0.99222,             0.99226,             0.99492,              0.7329,            0.020593,           0.0050229,                   0,             0.00604,             0.00604,             0.00604
                 122,            0.019938,            0.007478,                   0,              0.9942,              0.9942,             0.99496,             0.74978,            0.020086,           0.0049021,                   0,            0.006007,            0.006007,            0.006007
                 123,            0.020935,           0.0069852,                   0,             0.99416,             0.98839,             0.99461,             0.73388,            0.021615,           0.0050183,                   0,            0.005974,            0.005974,            0.005974
                 124,            0.019027,            0.007415,                   0,             0.99805,              0.9903,             0.99496,             0.73921,             0.02116,           0.0050385,                   0,            0.005941,            0.005941,            0.005941
                 125,            0.021249,           0.0074098,                   0,             0.99226,             0.99226,              0.9949,             0.71711,            0.022434,           0.0050615,                   0,            0.005908,            0.005908,            0.005908
                 126,            0.018757,           0.0073095,                   0,             0.99416,             0.99226,             0.99494,              0.7471,            0.020309,           0.0049251,                   0,            0.005875,            0.005875,            0.005875
                 127,            0.018941,            0.007032,                   0,             0.99611,             0.99226,             0.99494,             0.76204,            0.020127,           0.0050024,                   0,            0.005842,            0.005842,            0.005842
                 128,            0.018626,           0.0070878,                   0,             0.99998,             0.99033,               0.995,             0.75026,            0.019817,           0.0049423,                   0,            0.005809,            0.005809,            0.005809
                 129,            0.018044,           0.0067639,                   0,             0.99611,              0.9942,               0.995,             0.73953,            0.020668,           0.0049398,                   0,            0.005776,            0.005776,            0.005776
                 130,            0.020011,           0.0075544,                   0,             0.99609,             0.99033,             0.99445,             0.72911,            0.021455,           0.0050483,                   0,            0.005743,            0.005743,            0.005743
                 131,            0.020466,           0.0068057,                   0,             0.99228,             0.99419,             0.99492,             0.77371,            0.019188,           0.0050511,                   0,             0.00571,             0.00571,             0.00571
                 132,            0.019382,           0.0069728,                   0,                   1,             0.98644,             0.99494,             0.74061,            0.020907,           0.0051076,                   0,            0.005677,            0.005677,            0.005677
                 133,            0.018938,           0.0069544,                   0,                   1,             0.98839,              0.9949,             0.76129,            0.019658,           0.0049801,                   0,            0.005644,            0.005644,            0.005644
                 134,            0.018224,           0.0065191,                   0,             0.99226,              0.9942,             0.99494,             0.75239,            0.020635,            0.005083,                   0,            0.005611,            0.005611,            0.005611
                 135,            0.020433,            0.007446,                   0,             0.99805,              0.9942,               0.995,             0.77141,             0.01932,           0.0049239,                   0,            0.005578,            0.005578,            0.005578
                 136,             0.01933,           0.0065803,                   0,             0.99801,             0.99033,             0.99498,             0.75669,            0.019684,           0.0049211,                   0,            0.005545,            0.005545,            0.005545
                 137,            0.018105,            0.007016,                   0,             0.99806,             0.99613,               0.995,             0.76862,            0.018786,           0.0047931,                   0,            0.005512,            0.005512,            0.005512
                 138,            0.018355,           0.0070113,                   0,             0.99806,             0.99613,             0.99498,             0.76168,            0.019221,           0.0048804,                   0,            0.005479,            0.005479,            0.005479
                 139,            0.018583,            0.007153,                   0,              0.9942,             0.99807,             0.99498,             0.75377,            0.019763,           0.0048578,                   0,            0.005446,            0.005446,            0.005446
                 140,            0.018224,           0.0070575,                   0,             0.99226,             0.99226,             0.99488,             0.73143,            0.020385,           0.0049857,                   0,            0.005413,            0.005413,            0.005413
                 141,            0.018042,            0.007014,                   0,             0.99611,             0.99226,              0.9941,             0.76291,             0.01918,           0.0048897,                   0,             0.00538,             0.00538,             0.00538
                 142,            0.017235,           0.0070409,                   0,             0.99613,             0.99613,             0.99498,             0.76817,            0.018541,           0.0047612,                   0,            0.005347,            0.005347,            0.005347
                 143,            0.019174,           0.0071975,                   0,             0.99419,              0.9942,              0.9943,             0.76152,            0.019316,            0.004906,                   0,            0.005314,            0.005314,            0.005314
                 144,            0.017944,           0.0064447,                   0,             0.99805,             0.99226,             0.99498,             0.76285,            0.018998,           0.0048424,                   0,            0.005281,            0.005281,            0.005281
                 145,            0.018052,           0.0067954,                   0,             0.99805,             0.99226,             0.99498,             0.73656,            0.020953,           0.0050079,                   0,            0.005248,            0.005248,            0.005248
                 146,            0.018483,           0.0068939,                   0,             0.99611,             0.99226,             0.99496,             0.74364,            0.020196,            0.004972,                   0,            0.005215,            0.005215,            0.005215
                 147,            0.018685,           0.0066703,                   0,             0.99611,             0.99226,             0.99494,              0.7693,            0.019392,           0.0049438,                   0,            0.005182,            0.005182,            0.005182
                 148,            0.016943,           0.0065441,                   0,             0.99223,             0.98839,             0.99425,             0.75174,            0.020401,           0.0048817,                   0,            0.005149,            0.005149,            0.005149
                 149,            0.017332,           0.0070161,                   0,             0.99609,             0.99033,             0.99446,             0.76613,            0.019316,           0.0048153,                   0,            0.005116,            0.005116,            0.005116
                 150,            0.016947,           0.0066987,                   0,             0.99802,             0.99226,             0.99455,             0.75261,              0.0196,           0.0048934,                   0,            0.005083,            0.005083,            0.005083
                 151,            0.018211,           0.0067336,                   0,             0.99805,             0.99226,             0.99428,             0.76173,            0.019413,           0.0048571,                   0,             0.00505,             0.00505,             0.00505
                 152,            0.016559,           0.0066945,                   0,             0.99611,             0.99033,             0.99408,              0.7677,            0.019343,           0.0047827,                   0,            0.005017,            0.005017,            0.005017
                 153,            0.017435,           0.0073781,                   0,             0.99607,             0.99033,             0.99413,             0.76082,            0.019774,           0.0048503,                   0,            0.004984,            0.004984,            0.004984
                 154,            0.017886,           0.0068844,                   0,             0.99417,             0.99033,             0.99423,             0.75966,             0.01994,           0.0048931,                   0,            0.004951,            0.004951,            0.004951
                 155,            0.017403,           0.0064164,                   0,             0.99609,             0.98839,             0.99398,             0.74605,            0.019974,           0.0048319,                   0,            0.004918,            0.004918,            0.004918
                 156,            0.017778,           0.0067551,                   0,             0.99612,             0.99224,             0.99387,             0.78308,            0.018261,           0.0047321,                   0,            0.004885,            0.004885,            0.004885
                 157,            0.017135,           0.0064022,                   0,                   1,             0.99419,               0.995,             0.76187,            0.018827,           0.0047909,                   0,            0.004852,            0.004852,            0.004852
                 158,            0.017342,           0.0065322,                   0,                   1,             0.99225,               0.995,              0.7668,            0.018491,           0.0047717,                   0,            0.004819,            0.004819,            0.004819
                 159,             0.01812,           0.0067601,                   0,             0.99998,              0.9942,               0.995,             0.75692,            0.019486,           0.0048717,                   0,            0.004786,            0.004786,            0.004786
                 160,            0.016074,           0.0069756,                   0,                   1,             0.99419,               0.995,             0.77861,            0.018705,           0.0047822,                   0,            0.004753,            0.004753,            0.004753
                 161,            0.017135,           0.0068543,                   0,             0.99805,             0.99032,             0.99498,             0.78422,            0.018481,           0.0047548,                   0,             0.00472,             0.00472,             0.00472
                 162,             0.01497,            0.006624,                   0,             0.99998,             0.99226,               0.995,             0.78332,            0.018507,             0.00481,                   0,            0.004687,            0.004687,            0.004687
                 163,            0.016821,           0.0063484,                   0,             0.99805,             0.99226,               0.995,             0.77228,            0.018731,           0.0047581,                   0,            0.004654,            0.004654,            0.004654
                 164,            0.016407,           0.0068215,                   0,             0.99806,             0.99419,               0.995,             0.76176,            0.019548,           0.0047998,                   0,            0.004621,            0.004621,            0.004621
                 165,            0.016438,           0.0061211,                   0,             0.99805,              0.9942,               0.995,             0.75905,             0.01986,           0.0047609,                   0,            0.004588,            0.004588,            0.004588
                 166,            0.016155,            0.006671,                   0,             0.99806,             0.99418,             0.99494,             0.77406,            0.018496,           0.0048098,                   0,            0.004555,            0.004555,            0.004555
                 167,            0.017289,           0.0066499,                   0,             0.99805,             0.98839,             0.99486,             0.76461,            0.019291,           0.0049051,                   0,            0.004522,            0.004522,            0.004522
                 168,            0.016191,           0.0060826,                   0,             0.99802,             0.98646,             0.99486,             0.74822,            0.019882,           0.0049203,                   0,            0.004489,            0.004489,            0.004489
                 169,            0.015901,           0.0064737,                   0,             0.99419,             0.99224,              0.9949,             0.78289,            0.017814,           0.0047758,                   0,            0.004456,            0.004456,            0.004456
                 170,            0.017165,           0.0067887,                   0,              0.9961,             0.98839,             0.99486,             0.78853,            0.018371,           0.0048081,                   0,            0.004423,            0.004423,            0.004423
                 171,            0.016261,           0.0060859,                   0,             0.99609,             0.98839,             0.99479,             0.77327,            0.018627,           0.0048296,                   0,             0.00439,             0.00439,             0.00439
                 172,            0.015982,           0.0062952,                   0,             0.99228,             0.99419,             0.99494,             0.78324,            0.018111,            0.004774,                   0,            0.004357,            0.004357,            0.004357
                 173,            0.016689,           0.0064866,                   0,              0.9942,             0.99613,             0.99492,             0.78933,            0.017701,            0.004691,                   0,            0.004324,            0.004324,            0.004324
                 174,            0.017042,           0.0064974,                   0,             0.99421,             0.99807,             0.99492,             0.77857,            0.018684,           0.0047413,                   0,            0.004291,            0.004291,            0.004291
                 175,            0.015809,           0.0060665,                   0,             0.99612,              0.9942,             0.99496,             0.79184,            0.017652,           0.0046777,                   0,            0.004258,            0.004258,            0.004258
                 176,            0.016037,           0.0061551,                   0,             0.99999,             0.99226,               0.995,             0.76764,            0.018782,           0.0046869,                   0,            0.004225,            0.004225,            0.004225
                 177,            0.016241,           0.0065584,                   0,                   1,             0.99032,               0.995,              0.7702,            0.018559,           0.0047451,                   0,            0.004192,            0.004192,            0.004192
                 178,            0.015131,           0.0057949,                   0,             0.99805,             0.99032,             0.99498,             0.75106,            0.019411,           0.0048259,                   0,            0.004159,            0.004159,            0.004159
                 179,            0.016072,           0.0070946,                   0,             0.99999,             0.99226,               0.995,             0.74559,            0.020105,           0.0048651,                   0,            0.004126,            0.004126,            0.004126
                 180,            0.015791,           0.0061637,                   0,             0.99603,             0.99613,               0.995,             0.77353,            0.018184,           0.0047536,                   0,            0.004093,            0.004093,            0.004093
                 181,            0.015599,           0.0066218,                   0,             0.99229,             0.99611,             0.99496,             0.76039,            0.018789,           0.0047324,                   0,             0.00406,             0.00406,             0.00406
                 182,            0.015748,           0.0066117,                   0,             0.99805,             0.99226,             0.99498,             0.76729,            0.018007,           0.0046506,                   0,            0.004027,            0.004027,            0.004027
                 183,            0.016573,            0.006464,                   0,             0.99805,             0.99033,             0.99498,             0.77744,            0.018039,           0.0047517,                   0,            0.003994,            0.003994,            0.003994
                 184,            0.015773,            0.006489,                   0,                   1,             0.99219,               0.995,             0.78005,            0.017644,            0.004686,                   0,            0.003961,            0.003961,            0.003961
                 185,            0.015091,           0.0061778,                   0,             0.99806,             0.99419,             0.99494,             0.78298,            0.017366,           0.0046498,                   0,            0.003928,            0.003928,            0.003928
                 186,             0.01493,           0.0060153,                   0,             0.99611,             0.99226,             0.99492,             0.77562,            0.018265,           0.0047174,                   0,            0.003895,            0.003895,            0.003895
                 187,            0.014971,           0.0060136,                   0,             0.99805,             0.99226,             0.99496,             0.78007,            0.017745,           0.0046746,                   0,            0.003862,            0.003862,            0.003862
                 188,            0.015964,           0.0058974,                   0,              0.9961,             0.99033,             0.99494,             0.76461,            0.018786,           0.0047246,                   0,            0.003829,            0.003829,            0.003829
                 189,            0.015295,           0.0062793,                   0,             0.99609,             0.99033,             0.99494,             0.76646,            0.018861,           0.0046448,                   0,            0.003796,            0.003796,            0.003796
                 190,            0.015047,           0.0061306,                   0,              0.9961,             0.99033,             0.99496,             0.76808,            0.019306,           0.0047135,                   0,            0.003763,            0.003763,            0.003763
                 191,            0.015437,           0.0065493,                   0,                   1,             0.99226,               0.995,             0.78118,            0.018093,           0.0046571,                   0,             0.00373,             0.00373,             0.00373
                 192,            0.015393,           0.0059282,                   0,                   1,             0.99226,               0.995,             0.78921,            0.017522,           0.0046282,                   0,            0.003697,            0.003697,            0.003697
                 193,            0.015186,            0.006001,                   0,             0.99804,             0.99033,             0.99498,             0.78277,            0.017636,           0.0046378,                   0,            0.003664,            0.003664,            0.003664
                 194,            0.015495,           0.0065192,                   0,             0.99805,             0.98838,             0.99492,             0.78524,            0.017692,           0.0046577,                   0,            0.003631,            0.003631,            0.003631
                 195,            0.015217,            0.005948,                   0,             0.99793,             0.98839,             0.99486,             0.77045,            0.018023,           0.0046979,                   0,            0.003598,            0.003598,            0.003598
                 196,            0.014607,           0.0059877,                   0,             0.99224,             0.99033,             0.99486,             0.76856,            0.018488,           0.0047079,                   0,            0.003565,            0.003565,            0.003565
                 197,            0.015238,           0.0065167,                   0,             0.99805,             0.99033,             0.99494,             0.78518,            0.017418,           0.0046744,                   0,            0.003532,            0.003532,            0.003532
                 198,            0.015001,           0.0058489,                   0,             0.99805,              0.9903,             0.99492,             0.77552,             0.01759,           0.0047228,                   0,            0.003499,            0.003499,            0.003499
                 199,            0.015563,           0.0060475,                   0,              0.9961,             0.99033,             0.99488,              0.7791,             0.01795,           0.0046865,                   0,            0.003466,            0.003466,            0.003466
                 200,            0.014359,           0.0058519,                   0,             0.99417,             0.99033,             0.99486,             0.77449,            0.018634,           0.0047721,                   0,            0.003433,            0.003433,            0.003433
                 201,            0.013895,           0.0062143,                   0,             0.99417,             0.99033,              0.9949,             0.79306,            0.017741,           0.0047431,                   0,              0.0034,              0.0034,              0.0034
                 202,            0.014849,           0.0061144,                   0,              0.9961,             0.99226,             0.99492,             0.79253,            0.018038,           0.0047348,                   0,            0.003367,            0.003367,            0.003367
                 203,            0.014368,           0.0058166,                   0,              0.9942,             0.99419,             0.99494,             0.78451,            0.018481,           0.0046884,                   0,            0.003334,            0.003334,            0.003334
                 204,            0.014567,           0.0057977,                   0,             0.99611,             0.99226,             0.99492,             0.79728,            0.017511,           0.0046193,                   0,            0.003301,            0.003301,            0.003301
                 205,            0.014147,           0.0061125,                   0,             0.99805,             0.99226,             0.99496,             0.78673,            0.018078,           0.0046966,                   0,            0.003268,            0.003268,            0.003268
                 206,            0.013961,           0.0061165,                   0,             0.99612,             0.99225,             0.99498,             0.78061,            0.018045,           0.0046943,                   0,            0.003235,            0.003235,            0.003235
                 207,            0.014121,           0.0061776,                   0,             0.99607,             0.98839,             0.99483,              0.7873,            0.017931,           0.0047128,                   0,            0.003202,            0.003202,            0.003202
                 208,            0.014327,           0.0058104,                   0,              0.9961,             0.99033,             0.99494,             0.79033,            0.017531,           0.0046991,                   0,            0.003169,            0.003169,            0.003169
                 209,            0.014453,           0.0061354,                   0,             0.99034,              0.9942,              0.9949,              0.7876,            0.017372,           0.0045954,                   0,            0.003136,            0.003136,            0.003136
                 210,            0.014404,           0.0061423,                   0,             0.99806,             0.99613,             0.99498,             0.78841,            0.017368,           0.0046036,                   0,            0.003103,            0.003103,            0.003103
                 211,            0.014167,           0.0059816,                   0,             0.99612,             0.99419,             0.99492,             0.79234,            0.017557,           0.0046382,                   0,             0.00307,             0.00307,             0.00307
                 212,            0.013803,           0.0056852,                   0,             0.99611,             0.99226,             0.99492,             0.79795,            0.016967,           0.0045771,                   0,            0.003037,            0.003037,            0.003037
                 213,            0.013341,            0.005599,                   0,             0.99418,              0.9942,             0.99492,             0.79276,            0.017361,           0.0046135,                   0,            0.003004,            0.003004,            0.003004
                 214,            0.013632,           0.0057394,                   0,             0.99609,             0.99226,             0.99494,             0.79527,            0.017411,           0.0046638,                   0,            0.002971,            0.002971,            0.002971
                 215,            0.014282,            0.006029,                   0,             0.99419,              0.9942,              0.9949,             0.78893,            0.017656,           0.0046797,                   0,            0.002938,            0.002938,            0.002938
                 216,            0.013494,           0.0060399,                   0,             0.99419,             0.99226,              0.9949,             0.78755,            0.017682,           0.0047012,                   0,            0.002905,            0.002905,            0.002905
                 217,            0.013742,           0.0056018,                   0,             0.99804,             0.98839,              0.9949,             0.79024,            0.017392,           0.0046704,                   0,            0.002872,            0.002872,            0.002872
                 218,            0.013972,           0.0054716,                   0,             0.99225,             0.99031,             0.99484,             0.79754,            0.017386,           0.0047321,                   0,            0.002839,            0.002839,            0.002839
                 219,            0.013594,           0.0058653,                   0,             0.99032,             0.99033,             0.99484,             0.79804,            0.017678,           0.0047588,                   0,            0.002806,            0.002806,            0.002806
                 220,            0.013504,           0.0057781,                   0,             0.99417,             0.99033,              0.9949,             0.79563,            0.017153,           0.0047079,                   0,            0.002773,            0.002773,            0.002773
                 221,            0.013695,           0.0057317,                   0,             0.99419,             0.99225,              0.9949,             0.79466,            0.017218,           0.0047347,                   0,             0.00274,             0.00274,             0.00274
                 222,            0.013373,           0.0063332,                   0,             0.99225,             0.99032,             0.99484,             0.80247,            0.017668,           0.0047088,                   0,            0.002707,            0.002707,            0.002707
                 223,            0.013553,           0.0056391,                   0,             0.98844,             0.99226,             0.99479,             0.78768,            0.018288,           0.0047053,                   0,            0.002674,            0.002674,            0.002674
                 224,            0.013677,           0.0055457,                   0,             0.99037,             0.99613,             0.99486,             0.78866,            0.018097,           0.0046839,                   0,            0.002641,            0.002641,            0.002641
                 225,            0.012647,           0.0054522,                   0,             0.99038,             0.99612,              0.9949,             0.80446,            0.017437,           0.0045108,                   0,            0.002608,            0.002608,            0.002608
                 226,            0.013284,           0.0057449,                   0,             0.99419,             0.99226,              0.9949,              0.7979,            0.017781,           0.0045468,                   0,            0.002575,            0.002575,            0.002575
                 227,            0.013921,           0.0058528,                   0,             0.99418,             0.99226,              0.9949,             0.80856,             0.01723,           0.0045563,                   0,            0.002542,            0.002542,            0.002542
                 228,            0.012823,           0.0055494,                   0,              0.9961,             0.99033,              0.9949,             0.80171,            0.017257,            0.004548,                   0,            0.002509,            0.002509,            0.002509
                 229,            0.013208,           0.0053541,                   0,             0.99419,             0.99226,             0.99488,             0.80734,            0.017114,           0.0045705,                   0,            0.002476,            0.002476,            0.002476
                 230,            0.013437,           0.0060211,                   0,             0.99419,             0.99226,             0.99488,             0.79649,            0.017446,           0.0045613,                   0,            0.002443,            0.002443,            0.002443
                 231,            0.012551,           0.0057963,                   0,             0.99228,             0.99416,             0.99488,             0.80642,            0.016847,           0.0045017,                   0,             0.00241,             0.00241,             0.00241
                 232,            0.013069,           0.0060374,                   0,             0.99228,              0.9942,             0.99484,             0.80274,            0.017286,           0.0044936,                   0,            0.002377,            0.002377,            0.002377
                 233,            0.012684,           0.0055836,                   0,             0.99227,              0.9942,             0.99484,             0.81003,            0.017048,           0.0044913,                   0,            0.002344,            0.002344,            0.002344
                 234,            0.012748,           0.0054938,                   0,             0.99225,             0.99226,              0.9948,             0.80598,            0.017136,           0.0046009,                   0,            0.002311,            0.002311,            0.002311
                 235,            0.013358,           0.0054719,                   0,             0.99419,              0.9942,             0.99492,             0.80224,            0.017384,           0.0046477,                   0,            0.002278,            0.002278,            0.002278
                 236,            0.013207,           0.0059858,                   0,              0.9942,             0.99417,              0.9948,             0.79057,            0.017895,            0.004646,                   0,            0.002245,            0.002245,            0.002245
                 237,            0.012969,           0.0056782,                   0,             0.99419,              0.9942,             0.99484,             0.79748,            0.017881,           0.0046107,                   0,            0.002212,            0.002212,            0.002212
                 238,            0.012871,           0.0055041,                   0,             0.99611,             0.99226,              0.9948,             0.80183,             0.01729,           0.0046065,                   0,            0.002179,            0.002179,            0.002179
                 239,            0.012769,           0.0054911,                   0,             0.99226,              0.9942,             0.99478,             0.81001,            0.016808,           0.0045497,                   0,            0.002146,            0.002146,            0.002146
                 240,            0.012513,           0.0055437,                   0,             0.99419,             0.99225,             0.99478,             0.79871,            0.017632,           0.0046461,                   0,            0.002113,            0.002113,            0.002113
                 241,             0.01374,           0.0056023,                   0,             0.99417,             0.99226,             0.99486,             0.80053,            0.017193,            0.004603,                   0,             0.00208,             0.00208,             0.00208
                 242,            0.012869,           0.0055419,                   0,             0.99611,              0.9942,             0.99492,             0.78542,            0.017248,           0.0045909,                   0,            0.002047,            0.002047,            0.002047
                 243,             0.01264,           0.0055369,                   0,             0.99417,              0.9942,             0.99492,             0.78725,            0.017193,           0.0045707,                   0,            0.002014,            0.002014,            0.002014
                 244,            0.011845,           0.0052487,                   0,             0.99611,              0.9942,             0.99492,             0.79044,             0.01747,           0.0046098,                   0,            0.001981,            0.001981,            0.001981
                 245,             0.01346,           0.0054915,                   0,             0.99612,             0.99418,              0.9949,             0.79925,            0.017207,           0.0045829,                   0,            0.001948,            0.001948,            0.001948
                 246,            0.012721,           0.0056977,                   0,             0.99612,             0.99225,             0.99488,             0.79799,            0.016811,            0.004579,                   0,            0.001915,            0.001915,            0.001915
                 247,            0.012102,           0.0054462,                   0,             0.99612,             0.99225,             0.99488,             0.79445,            0.017004,           0.0046176,                   0,            0.001882,            0.001882,            0.001882
                 248,            0.012779,           0.0055501,                   0,             0.99609,             0.99033,             0.99486,             0.79276,            0.016991,           0.0045695,                   0,            0.001849,            0.001849,            0.001849
                 249,            0.012702,           0.0053388,                   0,             0.99228,             0.99419,             0.99484,             0.80496,            0.016451,           0.0044666,                   0,            0.001816,            0.001816,            0.001816
                 250,            0.012256,           0.0054846,                   0,             0.99419,              0.9942,             0.99484,             0.80197,            0.017101,           0.0044926,                   0,            0.001783,            0.001783,            0.001783
                 251,            0.011864,           0.0053562,                   0,              0.9942,             0.99418,             0.99488,             0.80716,             0.01701,           0.0044967,                   0,             0.00175,             0.00175,             0.00175
                 252,             0.01188,           0.0052708,                   0,             0.99611,             0.99032,             0.99488,             0.81164,            0.016611,           0.0044874,                   0,            0.001717,            0.001717,            0.001717
                 253,            0.012764,           0.0058563,                   0,             0.99611,             0.99033,             0.99492,             0.80758,             0.01664,           0.0045068,                   0,            0.001684,            0.001684,            0.001684
                 254,            0.011835,            0.005392,                   0,              0.9961,             0.99033,              0.9949,             0.80684,            0.016481,           0.0044868,                   0,            0.001651,            0.001651,            0.001651
                 255,            0.012378,           0.0054711,                   0,             0.99609,             0.99033,             0.99492,             0.80312,            0.016969,           0.0045301,                   0,            0.001618,            0.001618,            0.001618
                 256,            0.012161,           0.0053615,                   0,             0.99611,             0.99032,             0.99492,             0.79935,            0.017506,           0.0046144,                   0,            0.001585,            0.001585,            0.001585
                 257,            0.012558,           0.0060035,                   0,             0.99609,             0.99033,             0.99492,              0.7994,            0.017495,           0.0045124,                   0,            0.001552,            0.001552,            0.001552
                 258,            0.012348,           0.0055411,                   0,             0.99608,             0.99033,              0.9949,             0.81244,             0.01669,           0.0044657,                   0,            0.001519,            0.001519,            0.001519
                 259,            0.012022,           0.0051306,                   0,              0.9961,             0.99033,              0.9949,             0.81672,            0.016435,            0.004467,                   0,            0.001486,            0.001486,            0.001486
                 260,            0.012074,           0.0054394,                   0,             0.99417,             0.99033,             0.99488,             0.81082,            0.016731,           0.0044929,                   0,            0.001453,            0.001453,            0.001453
                 261,            0.011851,           0.0055494,                   0,             0.99417,             0.99033,              0.9949,             0.80401,            0.016942,           0.0045289,                   0,             0.00142,             0.00142,             0.00142
                 262,            0.011407,           0.0051086,                   0,             0.99417,             0.99033,              0.9949,             0.80875,            0.016611,           0.0045294,                   0,            0.001387,            0.001387,            0.001387
                 263,            0.011896,            0.005234,                   0,             0.99805,             0.99226,             0.99494,             0.80594,            0.016733,           0.0045452,                   0,            0.001354,            0.001354,            0.001354
                 264,            0.011386,           0.0050166,                   0,             0.99611,             0.99033,              0.9949,             0.80887,            0.016669,           0.0045294,                   0,            0.001321,            0.001321,            0.001321
                 265,            0.011696,            0.005173,                   0,              0.9961,             0.99033,              0.9949,             0.81226,            0.016307,           0.0044655,                   0,            0.001288,            0.001288,            0.001288
                 266,            0.011685,           0.0052761,                   0,             0.99611,             0.99033,              0.9949,             0.81124,            0.016359,           0.0044813,                   0,            0.001255,            0.001255,            0.001255
                 267,            0.011494,           0.0046841,                   0,             0.98844,             0.99225,             0.99481,             0.81105,            0.016354,           0.0045094,                   0,            0.001222,            0.001222,            0.001222
                 268,             0.01172,           0.0052454,                   0,             0.99415,             0.98646,             0.99477,             0.80869,            0.016805,           0.0045483,                   0,            0.001189,            0.001189,            0.001189
                 269,            0.011619,           0.0055729,                   0,             0.99033,             0.99031,             0.99483,             0.81011,            0.016699,           0.0045235,                   0,            0.001156,            0.001156,            0.001156
                 270,             0.01204,           0.0051507,                   0,             0.99416,             0.98839,             0.99479,             0.81176,            0.016396,           0.0044938,                   0,            0.001123,            0.001123,            0.001123
                 271,            0.011722,           0.0050148,                   0,             0.99417,             0.99033,             0.99486,             0.80569,            0.016563,           0.0044835,                   0,             0.00109,             0.00109,             0.00109
                 272,            0.011647,           0.0054121,                   0,             0.99413,             0.99033,             0.99486,             0.81385,            0.016347,           0.0044716,                   0,            0.001057,            0.001057,            0.001057
                 273,            0.011952,           0.0055438,                   0,             0.99037,             0.99418,             0.99486,             0.81114,            0.016737,           0.0045345,                   0,            0.001024,            0.001024,            0.001024
                 274,            0.011827,           0.0054256,                   0,             0.99224,              0.9942,             0.99486,             0.81348,            0.016739,           0.0045185,                   0,            0.000991,            0.000991,            0.000991
                 275,            0.012007,           0.0054476,                   0,             0.99223,             0.99033,             0.99484,             0.81131,            0.016365,           0.0045062,                   0,            0.000958,            0.000958,            0.000958
                 276,            0.011439,           0.0052261,                   0,             0.99225,             0.99032,             0.99486,             0.81053,            0.016354,           0.0044826,                   0,            0.000925,            0.000925,            0.000925
                 277,            0.011606,           0.0048059,                   0,             0.99609,             0.99033,             0.99488,             0.81088,            0.016534,           0.0045328,                   0,            0.000892,            0.000892,            0.000892
                 278,            0.011746,           0.0051541,                   0,             0.99225,             0.99032,             0.99484,             0.81194,            0.016615,           0.0045534,                   0,            0.000859,            0.000859,            0.000859
                 279,            0.011104,           0.0053761,                   0,             0.99418,             0.99226,             0.99488,             0.81823,             0.01614,            0.004514,                   0,            0.000826,            0.000826,            0.000826
                 280,            0.011883,           0.0054799,                   0,             0.99036,              0.9942,             0.99488,             0.80588,            0.016735,           0.0045491,                   0,            0.000793,            0.000793,            0.000793
                 281,             0.01115,           0.0052874,                   0,             0.98844,             0.99226,             0.99482,             0.80874,            0.016468,           0.0045489,                   0,             0.00076,             0.00076,             0.00076
                 282,            0.010903,           0.0048411,                   0,             0.98844,             0.99226,             0.99482,             0.80904,            0.016222,            0.004535,                   0,            0.000727,            0.000727,            0.000727
                 283,            0.010735,            0.004888,                   0,             0.98838,             0.99226,             0.99481,             0.81416,            0.016084,           0.0045301,                   0,            0.000694,            0.000694,            0.000694
                 284,            0.010941,           0.0049969,                   0,             0.98651,             0.99226,             0.99479,             0.81377,            0.016422,           0.0045757,                   0,            0.000661,            0.000661,            0.000661
                 285,            0.010899,            0.005115,                   0,             0.98844,             0.99223,             0.99479,             0.81437,            0.016364,           0.0045278,                   0,            0.000628,            0.000628,            0.000628
                 286,            0.011015,           0.0054103,                   0,             0.98844,             0.99226,             0.99479,             0.81469,            0.016286,            0.004503,                   0,            0.000595,            0.000595,            0.000595
                 287,            0.011361,           0.0051732,                   0,             0.99413,             0.98839,             0.99479,             0.81725,            0.016208,           0.0045195,                   0,            0.000562,            0.000562,            0.000562
                 288,            0.011324,           0.0049618,                   0,             0.99414,             0.98839,             0.99481,             0.81362,            0.016467,           0.0045377,                   0,            0.000529,            0.000529,            0.000529
                 289,            0.011118,           0.0049308,                   0,             0.99415,             0.98839,             0.99481,             0.81813,            0.016263,            0.004517,                   0,            0.000496,            0.000496,            0.000496
                 290,            0.011107,           0.0050043,                   0,             0.99413,             0.98839,             0.99481,             0.81701,            0.016271,            0.004504,                   0,            0.000463,            0.000463,            0.000463
                 291,             0.01119,           0.0048557,                   0,             0.99414,             0.98839,             0.99483,              0.8169,            0.016238,           0.0045115,                   0,             0.00043,             0.00043,             0.00043
                 292,            0.011395,           0.0051272,                   0,             0.98843,             0.99226,             0.99484,             0.81942,            0.016152,           0.0044913,                   0,            0.000397,            0.000397,            0.000397
                 293,            0.011238,           0.0049138,                   0,             0.99222,             0.99033,             0.99486,             0.81474,            0.016288,           0.0045098,                   0,            0.000364,            0.000364,            0.000364
                 294,            0.011221,           0.0048886,                   0,             0.99416,             0.99226,              0.9949,             0.81877,            0.016166,           0.0045007,                   0,            0.000331,            0.000331,            0.000331
                 295,            0.011533,           0.0055242,                   0,             0.99418,             0.99226,              0.9949,             0.81645,            0.016246,           0.0045157,                   0,            0.000298,            0.000298,            0.000298
                 296,            0.010554,           0.0050157,                   0,             0.99418,             0.99226,              0.9949,             0.81599,            0.016112,           0.0045246,                   0,            0.000265,            0.000265,            0.000265
                 297,            0.010419,           0.0051521,                   0,             0.99419,             0.99225,              0.9949,             0.81716,            0.016085,           0.0045164,                   0,            0.000232,            0.000232,            0.000232
                 298,            0.011027,           0.0052027,                   0,             0.99419,             0.99226,              0.9949,             0.81232,             0.01631,           0.0045228,                   0,            0.000199,            0.000199,            0.000199
                 299,            0.010514,           0.0052438,                   0,             0.99227,              0.9942,              0.9949,             0.81612,            0.016226,           0.0045188,                   0,            0.000166,            0.000166,            0.000166
